{
    "widgetBindings": [
        {
            "widgetId": "ti_widget_temperaturegraph2",
            "propertyName": "maxTempC",
            "serverBindName": "widget.my_xds.dummy_var"
        },
        {
            "widgetId": "ti_widget_stats1",
            "propertyName": "value",
            "serverBindName": "widget.my_xds.dummy_var"
        },
        {
            "widgetId": "ti_widget_temperaturegraph2",
            "propertyName": "temperature",
            "serverBindName": "widget.my_xds.dummy_var"
        },
        {
            "widgetId": "ti_widget_temperaturegraph1",
            "propertyName": "temperature",
            "serverBindName": "widget.my_xds.dummy_var"
        },
        {
            "widgetId": "ti_widget_temperaturegraph",
            "propertyName": "temperature",
            "serverBindName": "widget.my_xds.dummy_var"
        },
        {
            "widgetId": "ti_widget_temperaturegraph3",
            "propertyName": "temperature",
            "serverBindName": "widget.my_xds.dummy_var"
        },
        {
            "widgetId": "ti_widget_temperaturegraph4",
            "propertyName": "temperature",
            "serverBindName": "widget.my_xds.dummy_var"
        },
        {
            "widgetId": "ti_widget_temperaturegraph5",
            "propertyName": "temperature",
            "serverBindName": "widget.my_xds.dummy_var"
        },
        {
            "widgetId": "ti_widget_slider",
            "propertyName": "value",
            "serverBindName": "widget.my_xds.COMMS_GUITorqueRef"
        },
        {
            "widgetId": "ti_widget_textbox1",
            "propertyName": "value",
            "serverBindName": "widget.my_xds.COMMS_GUITorqueRef"
        },
        {
            "widgetId": "ti_widget_led1",
            "propertyName": "on",
            "serverBindName": "widget.my_xds.COMMS_PowerEnabledSwitch"
        },
        {
            "widgetId": "ti_widget_gauge1",
            "propertyName": "value",
            "serverBindName": "widget.my_xds.COMMS_PCBTorqueReference"
        },
        {
            "widgetId": "ti_widget_gauge2",
            "propertyName": "value",
            "serverBindName": "widget.my_xds.COMMS_PedalTorqueReference"
        },
        {
            "widgetId": "ti_widget_thermometer",
            "propertyName": "value",
            "serverBindName": "widget.my_xds.COMMS_Thermometer1"
        },
        {
            "widgetId": "ti_widget_button",
            "propertyName": "bindableTrigger",
            "serverBindName": "widget.my_xds.COMMS_GUIReferenceSourcepushbutton"
        },
        {
            "widgetId": "ti_widget_label21",
            "propertyName": "label",
            "serverBindName": "widget.my_xds.COMMS_SysMgrState"
        },
        {
            "widgetId": "ti_widget_label20",
            "propertyName": "label",
            "serverBindName": "widget.my_xds.COMMS_ReferenceSource"
        },
        {
            "widgetId": "ti_widget_gauge3",
            "propertyName": "value",
            "serverBindName": "widget.my_xds.COMMS_torqueReference"
        },
        {
            "widgetId": "ti_widget_gauge4",
            "propertyName": "value",
            "serverBindName": "widget.my_xds.COMMS_speedReference"
        },
        {
            "widgetId": "ti_widget_slider",
            "propertyName": "disabled",
            "serverBindName": "widget.my_xds.COMMS_TorqueReferenceSliderDisabled"
        },
        {
            "widgetId": "ti_widget_button1",
            "propertyName": "bindableTrigger",
            "serverBindName": "widget.my_xds.COMMS_GUIReferenceTypepushbutton"
        },
        {
            "widgetId": "ti_widget_gauge3",
            "propertyName": "disabled",
            "serverBindName": "widget.my_xds.COMMS_TorqueReferenceSliderDisabled"
        },
        {
            "widgetId": "ti_widget_gauge4",
            "propertyName": "disabled",
            "serverBindName": "widget.my_xds.COMMS_TorqueReferenceSliderEnabled"
        },
        {
            "widgetId": "ti_widget_button2",
            "propertyName": "bindableTrigger",
            "serverBindName": "widget.my_xds.COMMS_GUIspeedIncreasePushButton"
        },
        {
            "widgetId": "ti_widget_button3",
            "propertyName": "bindableTrigger",
            "serverBindName": "widget.my_xds.COMMS_GUIspeedDecreasePushButton"
        },
        {
            "widgetId": "ti_widget_led4",
            "propertyName": "on",
            "serverBindName": "widget.my_xds.COMMS_ErrorCurrentA"
        },
        {
            "widgetId": "ti_widget_led3",
            "propertyName": "on",
            "serverBindName": "widget.my_xds.COMMS_ErrorCurrentB"
        },
        {
            "widgetId": "ti_widget_led9",
            "propertyName": "on",
            "serverBindName": "widget.my_xds.COMMS_ErrorCurrentC"
        },
        {
            "widgetId": "ti_widget_led8",
            "propertyName": "on",
            "serverBindName": "widget.my_xds.COMMS_ErrorDCLink"
        },
        {
            "widgetId": "ti_widget_led7",
            "propertyName": "on",
            "serverBindName": "widget.my_xds.COMMS_ErrorControlSupply"
        },
        {
            "widgetId": "ti_widget_led6",
            "propertyName": "on",
            "serverBindName": "widget.my_xds.COMMS_ErrorTorqueReferenceSlider"
        },
        {
            "widgetId": "ti_widget_led5",
            "propertyName": "on",
            "serverBindName": "widget.my_xds.COMMS_ErrorSpeedReferenceSlider"
        },
        {
            "widgetId": "ti_widget_led10",
            "propertyName": "on",
            "serverBindName": "widget.my_xds.COMMS_ErrorTorqueReferencePedal"
        },
        {
            "widgetId": "ti_widget_led15",
            "propertyName": "on",
            "serverBindName": "widget.my_xds.COMMS_ErrorBrakeReferencePedal"
        },
        {
            "widgetId": "ti_widget_led16",
            "propertyName": "on",
            "serverBindName": "widget.my_xds.COMMS_ErrorThermometer1"
        },
        {
            "widgetId": "ti_widget_led13",
            "propertyName": "on",
            "serverBindName": "widget.my_xds.COMMS_ErrorThermometer2"
        },
        {
            "widgetId": "ti_widget_led18",
            "propertyName": "on",
            "serverBindName": "widget.my_xds.COMMS_ErrorRotaryPot1"
        },
        {
            "widgetId": "ti_widget_led14",
            "propertyName": "on",
            "serverBindName": "widget.my_xds.COMMS_ErrorRotaryPot2"
        },
        {
            "widgetId": "ti_widget_led17",
            "propertyName": "on",
            "serverBindName": "widget.my_xds.COMMS_ErrorRotaryPot3"
        },
        {
            "widgetId": "ti_widget_gauge",
            "propertyName": "value",
            "serverBindName": "widget.my_xds.COMMS_RotorSpeed"
        },
        {
            "widgetId": "ti_widget_slider2",
            "propertyName": "value",
            "serverBindName": "widget.my_xds.COMMS_GUISpeedRamp"
        },
        {
            "widgetId": "ti_widget_slider1",
            "propertyName": "value",
            "serverBindName": "widget.my_xds.COMMS_GUITorqueRamp"
        }
    ]
}