{
    "widgetBindings": [
        {
            "widgetId": "ti_widget_temperaturegraph2",
            "propertyName": "maxTempC",
            "serverBindName": "widget.my_xds.dummy_var"
        },
        {
            "widgetId": "ti_widget_stats1",
            "propertyName": "value",
            "serverBindName": "widget.my_xds.dummy_var"
        },
        {
            "widgetId": "ti_widget_temperaturegraph2",
            "propertyName": "temperature",
            "serverBindName": "widget.my_xds.dummy_var"
        },
        {
            "widgetId": "ti_widget_temperaturegraph1",
            "propertyName": "temperature",
            "serverBindName": "widget.my_xds.dummy_var"
        },
        {
            "widgetId": "ti_widget_temperaturegraph",
            "propertyName": "temperature",
            "serverBindName": "widget.my_xds.dummy_var"
        },
        {
            "widgetId": "ti_widget_temperaturegraph3",
            "propertyName": "temperature",
            "serverBindName": "widget.my_xds.dummy_var"
        },
        {
            "widgetId": "ti_widget_temperaturegraph4",
            "propertyName": "temperature",
            "serverBindName": "widget.my_xds.dummy_var"
        },
        {
            "widgetId": "ti_widget_temperaturegraph5",
            "propertyName": "temperature",
            "serverBindName": "widget.my_xds.dummy_var"
        },
        {
            "widgetId": "ti_widget_slider",
            "propertyName": "value",
            "serverBindName": "widget.my_xds.COMMS_GUITorqueRef"
        },
        {
            "widgetId": "ti_widget_textbox1",
            "propertyName": "value",
            "serverBindName": "widget.my_xds.COMMS_GUITorqueRef"
        },
        {
            "widgetId": "ti_widget_slider1",
            "propertyName": "value",
            "serverBindName": "widget.my_xds.COMMS_GUISpeedRef"
        },
        {
            "widgetId": "ti_widget_textbox2",
            "propertyName": "value",
            "serverBindName": "widget.my_xds.COMMS_GUISpeedRef"
        },
        {
            "widgetId": "ti_widget_led1",
            "propertyName": "on",
            "serverBindName": "widget.my_xds.COMMS_PowerEnabledSwitch"
        },
        {
            "widgetId": "ti_widget_gauge1",
            "propertyName": "value",
            "serverBindName": "widget.my_xds.COMMS_PCBTorqueReference"
        },
        {
            "widgetId": "ti_widget_gauge2",
            "propertyName": "value",
            "serverBindName": "widget.my_xds.COMMS_PedalTorqueReference"
        },
        {
            "widgetId": "ti_widget_thermometer",
            "propertyName": "value",
            "serverBindName": "widget.my_xds.COMMS_Thermometer1"
        },
        {
            "widgetId": "ti_widget_button",
            "propertyName": "bindableTrigger",
            "serverBindName": "widget.my_xds.COMMS_GUIReferenceSourcepushbutton"
        },
        {
            "widgetId": "ti_widget_label21",
            "propertyName": "label",
            "serverBindName": "widget.my_xds.COMMS_SysMgrState"
        },
        {
            "widgetId": "ti_widget_label20",
            "propertyName": "label",
            "serverBindName": "widget.my_xds.COMMS_ReferenceSource"
        },
        {
            "widgetId": "ti_widget_gauge3",
            "propertyName": "value",
            "serverBindName": "widget.my_xds.COMMS_torqueReference"
        },
        {
            "widgetId": "ti_widget_gauge4",
            "propertyName": "value",
            "serverBindName": "widget.my_xds.COMMS_speedReference"
        },
        {
            "widgetId": "ti_widget_slider",
            "propertyName": "disabled",
            "serverBindName": "widget.my_xds.COMMS_TorqueReferenceSliderDisabled"
        },
        {
            "widgetId": "ti_widget_slider1",
            "propertyName": "disabled",
            "serverBindName": "widget.my_xds.COMMS_TorqueReferenceSliderEnabled"
        },
        {
            "widgetId": "ti_widget_button1",
            "propertyName": "bindableTrigger",
            "serverBindName": "widget.my_xds.COMMS_GUIReferenceTypepushbutton"
        },
        {
            "widgetId": "ti_widget_gauge3",
            "propertyName": "disabled",
            "serverBindName": "widget.my_xds.COMMS_TorqueReferenceSliderDisabled"
        },
        {
            "widgetId": "ti_widget_gauge4",
            "propertyName": "disabled",
            "serverBindName": "widget.my_xds.COMMS_TorqueReferenceSliderEnabled"
        }
    ]
}